{"cameraMode":{"drawMode":0,"name":"Shaded","section":"Shading Mode"},"sceneLighting":true,"audioPlay":false,"sceneViewState":{"showFog":true,"showMaterialUpdate":false,"showSkybox":false,"showFlares":true,"showImageEffects":true,"showParticleSystems":true},"in2DMode":false,"pivot":{"x":76.33698272705078,"y":-89.56517791748047,"z":52.83607864379883},"rotation":{"x":0.30723509192466738,"y":0.6329416632652283,"z":-0.3025986850261688,"w":0.6431407928466797},"size":175.91786193847657,"orthographic":false}